Name,UID,Biomolecular/Synthetic,Species Name,Species Tax Id,Proteins
"LEF1/β-catenin condensate","53379B70","Biomolecular","Homo sapiens",9606,"Q9UJU2	P35222"
"SCOTIN condensate","8DB3D246","Biomolecular","Homo sapiens",9606,"Q8N114	P55735	O94979"
"MARDO","51FB48F6","Biomolecular","Homo sapiens",9606,"Q86SH2	Q9Y2T7"
"DVL2 condensates","DA9A581A","Biomolecular","Homo sapiens",9606,"O14641"
"Ferritin –NCOA4 condensate","ECAD3DEA","Biomolecular","Homo sapiens",9606,"Q13772	P02794	P02792"
"Cytoplasmic bodies","1C4BF022","Biomolecular","Homo sapiens",9606,"Q13049	Q969Q1	Q9C035"
"Large dense-core vesicles","D1D0EBED","Biomolecular","Homo sapiens",9606,"Q02383"
"Insulin/IGF-1 signalosomes","1041FAE8","Biomolecular","Homo sapiens",9606,"P35568"
"Dishevelled condensate","EEA9CF61","Biomolecular","Homo sapiens",9606,"O14641"
"Wnt-Destruction complex","7FF4107C","Biomolecular","Homo sapiens",9606,"P35222	P49840"
"BAG2","4E66F2E3","Biomolecular","Homo sapiens",9606,"O95816"
"Enhancer cluster","7F36219C","Biomolecular","Homo sapiens",9606,"O15054"
"Chromogranin condensates","2ECFBB9C","Biomolecular","Homo sapiens",9606,"P10645"
"ArgBP2 dendritic spine condensate","4DFA2D97","Biomolecular","Homo sapiens",9606,"O94875"
"KAT8-IRF1 condensate","FF7BB011","Biomolecular","Homo sapiens",9606,"H3BMX5	B4DQF0"
"NEDD4 condensates","03E7CE7B","Biomolecular","Homo sapiens",9606,"P46934	P46937	Q9UBE8"
"IFN-I transcriptional condensate","02F8D883","Biomolecular","Homo sapiens",9606,"M0R0X9	Q92985"
"Nucleolus","91857CE7","Biomolecular","Homo sapiens",9606,"P39023	Q01844	Q14204	O76003	O95453	Q9NVJ2	O75607	Q9NTK5	Q8WYP5	P09874	P17980	Q9NVU7	P84101	Q9GZR7	Q9BYD3	P20671	P52209	Q9Y265	Q9HA38	Q13435	P32119	P38919	P0C0S5	Q5T2N8	P29692	P34896	Q8IZL8	Q13618	Q5SGD2	Q9Y4C4	O43670	Q9NZN3	Q15397	P53582	Q9BSJ6	Q15181	O43837	Q8TDI0	P17661	Q92499	Q9NUQ6	P33992	Q32P51	P31152	P40937	P0CB47	Q13045	P00451	Q96FI4	P09622	Q8TDN6	O15173	P42330	P19784	O00571	Q99729	Q92925	P34897	O43623	Q9BW60	P62917	Q92526	Q8TAA3	Q04837	P05109	Q9BXY0	Q05D32	Q96BT1	Q13535	Q9Y5L4	Q06587	Q9NZA1	P11908	P26358	Q15365	O75764	P62081	Q9NVI7	P51153	P06493	O15446	P09210	P14678	Q8TET4	P12259	Q02978	Q6UWU4	P46782	Q9UJZ1	P25705	Q13901	Q15477	P04406	P55209	Q8IY37	Q16777	P35637	Q9Y3A4	O43390	Q92930	P42695	Q9Y276	P23258	P78347	Q8IUF8	P55263	Q5UE93	Q9NY12	Q9Y4C8	Q96C61	P12956	Q96GD4	Q99584	Q9BSC4	P62841	Q02543	Q969S3	Q16630	Q9Y4L1	P38646	Q00403	Q6NVY1	Q13601	O00567	Q9GZL7	O43660	P22087	P62857	P05783	Q5BKZ1	P15880	Q16695	O95336	P68371	Q9Y3B4	Q9NQS7	P54136	P55072	Q8WXF8	P07355	P62277	Q13509	Q9Y266	P61604	Q15233	O75340	Q5TAP6	P62491	P24534	O95232	Q8N568	P34931	Q13315	Q9BUQ8	P07737	O43823	Q09028	P20340	Q15717	P07900	O00541	P53999	Q9UMY1	P61201	P13984	Q8N8A6	P28066	Q00526	Q99986	Q7LBC6	Q01469	I0J062	P78371	Q16778	P62269	Q96MG7	Q99877	P47985	Q6DKI1	Q13610	Q8N0T1	Q9HAJ7	Q9BY42	P15531	Q7Z460	Q9UBQ5	P31689	P51955	Q8WTT2	Q13492	P22392	P62263	P36578	O94788	Q99848	P61019	O14818	P12270	O75155	Q6UB35	Q5JTH9	P0DPB6	P35268	Q96NI6	O00148	P78406	Q15437	P68363	P22314	P82979	P10412	Q969K3	Q9NRR4	Q9UIJ7	Q4G0J3	Q86XP3	Q15005	Q02218	Q15024	Q96DB6	Q9P2W1	Q99661	Q9Y5B9	P26599	P20020	Q8WTP8	Q9BRL6	P62244	P47895	P62805	P46778	Q8N5L8	O60506	Q5JVS0	P62249	Q9NZ56	Q9H7B2	P39656	Q6KC79	P30044	P41220	Q9H8H0	Q8WVV9	P61247	Q7KZF4	P40692	Q01814	F5H284	Q99961	Q8IWS0	Q14088	P40938	Q92966	P78527	Q8IY81	Q9BVI4	O43815	P09211	P68431	P62820	P42285	P61513	P29508	O14979	P31943	Q8IZU0	P45973	Q14331	Q16559	O95059	Q96MF4	P07910	P08574	Q9H5V9	Q01780	O60641	P49450	P13010	Q06265	Q96ST3	P62829	P11362	P55060	Q92878	Q14974	P49411	P62241	Q9BRP8	Q5SSJ5	O75525	Q5H9T9	P12004	Q9Y4C1	Q9BXS6	Q2TB10	Q9H0U9	P05787	O43159	P11177	P62888	Q8WYA6	P78316	P17480	P47813	Q96K17	P04264	Q9P031	P83731	Q9NVA2	O15143	O75431	P56537	Q96LA8	Q7Z478	Q15149	P62140	A0FGR9	Q8NI36	P62280	O60869	Q08945	Q92522	P11586	P51149	Q92737	Q9NR46	P11940	Q7L1Q6	P0C0S8	Q14566	Q9Y277	Q75WM6	P36957	P20290	P29803	Q6ZMT4	O14602	Q86SE8	O43583	Q9H6R0	Q9UMS4	Q5BKY9	Q14315	Q99880	P04908	Q9NZN4	Q14241	P62913	Q7Z4B0	P00387	O95347	Q9GZR2	P23527	P54132	Q9P299	P62136	P19404	Q9NVX2	Q9UNX4	P07305	O60216	Q13868	Q9NW75	Q13185	Q92769	P84090	P61927	Q07955	Q9HAV4	O95670	O43324	Q9UHB9	P18754	Q9BVA1	P08865	P48735	P05091	P61088	P59910	P06733	P06748	P52434	Q14527	Q9Y224	O43447	Q9H9Y6	P00505	P13866	P27797	Q14839	P26641	Q99471	P17096	Q8N9T8	Q9UII2	P53675	O43172	Q06418	P0DI83	Q14690	P25490	Q15436	P99999	P07437	O75367	Q16576	Q15008	Q8N726	Q96NS1	P06702	Q9NYH9	Q9NPH5	O00186	Q9HD33	Q9NQZ2	P62266	P04637	P21796	Q99623	Q9NQW6	O75531	P21108	Q9BQE3	P01106	O60814	P59998	P18621	P33993	Q9H0N0	Q9BTT0	Q9H9L3	Q9Y6E2	P49773	P22455	P17844	Q9NPD3	Q13310	Q9Y230	Q9Y696	O14617	O00422	Q6PEY2	P78345	Q9H8M7	Q9UJA5	P62899	Q86V81	Q9P2N5	Q9Y536	P62807	Q9Y221	Q9H6W3	Q9Y5J1	Q13087	Q15020	Q01105	O15195	Q8NG66	Q5C9Z4	Q9H4M9	Q9ULW3	Q9NSI2	P62875	Q13247	Q52LJ0	Q9H903	Q9UNL7	Q9Y3A5	Q9Y3I0	P17516	P12236	P20042	Q12874	P43378	Q9H579	Q9UNZ5	Q9BU76	P16403	Q13263	Q9NQT4	Q50LG9	Q14191	P55769	Q9NQ55	P08708	P33991	Q9BV38	P49207	Q9UQ80	O96008	P50750	Q9H6Y2	P30101	Q9ULX3	Q9UHA3	O43175	Q6IBW4	P09132	P53396	P19388	Q9H8H2	Q96PK6	Q9ULD0	Q96SB4	P46776	P63261	Q99832	P27635	Q9P1T7	Q96KR1	Q96FC9	Q9HB71	P78417	Q02297	Q8NC51	Q92616	P67870	P62847	Q9Y2I2	Q8N220	Q9BQ02	Q9NX24	P07237	Q96GQ7	Q96T60	P38432	Q9BYC9	Q29RF7	Q68CQ4	P40429	P04553	Q5HYI7	P48729	Q9Y383	O95757	P16234	Q9BUF5	Q5T3I0	Q8NDF8	O75439	Q9H361	A0A0A0MT08	O75122	Q9NX58	Q15907	P09110	P50213	O43818	Q8TAA5	P11142	Q15560	Q9NRF8	Q9BQ67	Q96AY2	Q9NYV6	P31949	Q9H6P5	Q9NS39	Q86SE5	Q15050	P53597	P49959	Q6PK04	Q96E11	Q6NW34	P31930	Q9NVA1	P06744	P18887	Q8WYQ5	Q9UNM6	P04181	Q8TDD1	Q00839	Q13620	Q9Y3B9	Q9NPE3	Q15061	Q9UNQ2	Q7Z6E9	Q5T9A4	Q13308	P0DPB5	Q8WVM7	Q02878	P58876	P16104	Q7Z2T5	P30050	P24928	Q8ND90	P62750	P49736	Q9BWF3	Q10567	Q9UI30	Q15019	O14776	P28370	Q12840	Q5H9F3	P37108	Q15084	Q8TCS8	P42771	P42766	Q9GZS3	Q5RKV6	Q13505	Q9NTM9	Q38SD2	P14618	Q4VXU2	Q9NW13	C9JRZ8	Q9H4Y5	Q9BWF2	Q9BYG3	Q68D10	Q9H2U2	Q8NHQ9	Q12873	Q9NP64	Q6W2J9	Q16720	O15212	P62877	Q08752	P23193	Q06830	P10515	P16383	P62937	Q5QJE6	Q969X6	O15217	P62495	Q16795	P62891	Q9Y6V7	Q8IWA0	Q9H0S4	P51991	Q9P1U0	O00629	P57721	O96019	Q8TB73	Q14103	Q08211	Q96HI0	Q9Y2L1	P83881	P0CG48	P10809	Q8TED0	P17812	O60936	Q9HBD4	P63244	Q8WV24	P55039	P27708	P26196	P62906	Q9Y4W2	Q8NHM5	V9GYY5	P18858	P60842	Q8N4T8	Q96Q89	Q6STE5	Q13243	P08670	A2RTX5	O94818	Q92993	P27144	P00338	P52895	Q9NXF1	P11387	P39019	Q9H2U1	O00628	Q8TEM1	Q0WX57	Q9NSD9	Q99575	P26583	P55265	Q5T280	Q9H814	Q15833	Q9UGY1	Q8TEX9	Q9P2R7	P25789	P04792	Q99962	Q16718	Q9H8W3	Q96BK5	Q5TCX8	P50613	Q16531	Q14137	Q53GS9	Q9H6R4	P50990	P05198	Q76FK4	Q8IYF1	Q8WW32	Q96NC0	Q8WWY3	Q13895	P50991	P31948	P68400	P62308	Q96JD6	Q09161	Q9NY93	Q9NV06	Q9H223	Q8N136	Q9H6F5	Q16772	Q9Y5J9	Q9NVP1	P78346	P18074	O15479	P33778	P23634	P13639	Q71UI9	Q9NVC2	Q86XI2	P84098	Q1ED39	Q8WV44	Q12906	Q9BTM1	Q5F1R6	O75818	Q96CX3	Q9NU22	Q8TBF4	Q00610	Q13838	Q9Y2P8	P61764	Q9Y324	Q6MZM0	Q9C086	P51532	O15160	P25685	P05114	Q9BXX2	Q9NWH9	Q969H0	O60220	Q8N5K1	Q9H4A4	Q8N3U4	P53621	Q93077	Q13823	O43615	P32969	Q8NEF9	Q5EE01	Q14146	Q63HN8	Q03164	Q9Y3Y2	Q9Y5J7	Q9NRN9	Q14978	Q66PJ3	P78563	Q9P287	O00505	P35579	O60282	P46100	Q96D46	Q9Y2X3	P46087	P06241	P61160	P09651	O75348	Q6FI13	O14925	P61964	P0DPH8	P49715	Q15937	O95833	Q6P1J9	Q05639	Q9Y3U8	P62701	P13645	Q14320	Q14008	Q969M1	Q7L014	O43395	Q16666	P00558	Q96B26	P21359	P21912	P14635	Q9BVJ6	Q9Y2K7	Q9Y3B2	O96005	P38159	P24941	O43709	P61353	Q96EZ8	Q04695	Q03701	O43809	Q99963	Q8NEJ9	P54577	Q8N3Z6	Q6ZUT1	Q96TA2	Q9BSJ8	O75691	P54652	P23396	Q92841	P05387	Q7L7L0	P51531	Q8WXF1	Q9H1J1	P60891	A0FGR8	Q9BVP2	O75953	Q13151	Q969P6	Q13573	Q9Y6B6	O75151	Q9H4I0	O14746	Q92747	Q9H633	Q92598	P56192	Q8WV22	P08263	Q15029	Q6UB28	Q92547	Q9UIG0	P11388	P82914	Q92979	A4D1E9	Q9UHP7	Q9NVN8	Q8IY57	O00746	Q96C01	Q9UDY4	P51649	Q07020	P51659	Q8NB16	Q96RP9	P63279	P68104	Q9P016	Q9H0D6	P30405	P08729	Q6XPS3	Q9H0C2	P83916	Q9BZZ5	P43897	Q96PU4	P39748	Q9H0U4	A6NHR9	Q92804	Q96G21	O00217	Q8NBQ7	P0DMV9	Q9P2D1	Q8N567	O15550	O15381	Q9H9Y2	Q2NL82	Q9BZI7	P48730	O75396	Q9NT12	P09234	Q5S007	O00444	Q8WZ33	O60287	P40222	Q02539	P09327	P12235	Q9H869	P19338	P06396	Q53HL2	Q8NG50	Q96QA6	Q9NRC8	Q96NY9	P09972	P05141	Q9UBU8	P34932	Q9P275	Q9H501	Q14684	Q9NQT5	Q9NY65	P46777	P62861	Q3ZCM7	Q92759	P48643	O60264	Q9Y2S6	Q9H4L4	P40926	P00450	P49458	P40306	P63173	Q9Y371	Q7L622	P00403	Q14966	P98179	O15145	P68366	Q6JQN1	Q9NR31	Q9NZM5	Q86WX3	Q92995	P27695	Q16836	Q9Y606	Q9NXZ2	Q9BTT4	P41091	O60832	O60218	P49720	O15144	P56180	Q6ZN17	O75683	O60841	O75150	Q99878	Q15366	Q9ULC4	Q5SY16	P07199	P16401	Q9NVI1	Q6BCY4	Q01081	Q96GM5	P13929	Q02880	Q9Y314	P31327	O14802	Q8NE71	Q9H2Y7	Q8WXE1	P52815	Q9BY77	Q86VP6	Q16533	O14980	P36873	O15055	Q5XG87	Q9BZE4	Q16790	P23921	O76094	O00743	P62851	Q02750	Q9Y3S2	Q9NRX1	Q00266	Q9NV31	P14868	P35269	Q6P2E9	Q8NHR9	Q9BRJ6	Q9H898	Q14683	Q8IUE6	Q5VWX1	P55145	Q9UJV9	Q9UHC1	Q7RTV2	Q8IZU1	Q13547	P52292	P45974	O75694	Q9HAV7	Q05952	P61978	O95602	Q13503	P62318	Q96C57	Q99879	Q5T5X7	P62753	Q5H9S7	Q9NR30	Q00325	P22607	P23246	P25398	Q9UI10	O15213	O00299	P10721	P63165	Q96GC6	Q9BRX2	P46781	P45880	Q96EY4	P42696	P26368	P46779	P60228	Q96PM9	Q9BRJ7	Q9BRU9	P54819	Q8N684	P29401	O75366	Q9BUL9	Q14498	P41250	Q9BRT6	O15226	Q9NRH3	P17066	Q9BQ04	Q9UL42	O60518	O15347	P26373	P62910	Q5UIP0	P25205	P35251	P22626	Q6P587	Q9H583	Q3B726	Q9HAU8	P19525	P62258	Q5VU65	P49916	P35250	Q9UJ98	P11021	P13804	O75940	P20962	Q96P11	P62979	Q14980	Q9H116	O76021	P08559	O75643	Q9BQE6	P56182	Q13888	Q9NRW1	P35249	Q96BM9	Q9HAF1	P00352	Q6RFH5	O00410	Q8NE22	O95478	P35232	O75390	Q5VTR2	P02545	Q14697	P18124	Q9BQS7	Q15269	P23284	Q9Y3A2	Q96LW9	Q9P258	Q7Z2E3	P35080	Q16629	Q96FK6	P30613	P62304	Q9Y3T9	O00566	P29375	P32780	P09104	P21802	Q9BQ75	P63010	P62316	O60870	Q9NVM4	Q9GZS1	A0A3B3ITZ1	P51553	Q15652	P26640	P61236	P16402	Q9NRX2	P47914	P08621	Q8NDD1	O60828	Q96E39	O75934	P07333	Q14692	Q9Y5S9	Q9Y4W6	A1L3X0	P51857	Q8NCQ7	P04350	Q13428	Q9BY44	Q86TM3	P46013	P42677	P08238	Q13232	P15121	P36776	Q13206	P07205	Q9NVY6	P62995	P43304	Q9Y657	P49721	P50914	Q9Y2Z0	P52272	Q9Y6U3	Q96EU6	P62424	P04844	P00746	P60673	P26639	P40227	Q12905	P61254	O43684	Q96SB8	Q12788	P52597	P53618	P05455	Q16740	Q96QV6	Q96FQ6	Q9Y2R4	Q9BWC9	P09661	Q16181	Q9NTJ3	P31942	O75817	Q15046	O94805	P84103	Q9UQE7	Q96LT7	P31153	Q9NWT1	Q96T88	O15247	Q8IV48	P18077	P62826	Q9NXV6	Q99547	Q96CW9	Q86U38	Q14562	Q9NVH1	Q9BQ39	Q13148	P46783	Q8TBZ6	O75489	Q9GZV4	P61923	Q8WUD1	P20700	O75937	Q96LB4	P63208	Q9Y3C1	P35659	P60468	Q9Y333	P36542	Q9BV73	P14866	P50454	P46063	Q9BQG0	Q9H8L6	Q9Y2W2	Q9NRF9	Q14004	Q9UKD2	Q9NR12	P09619	P60709	Q6P2Q9	Q9UHQ9	Q9BWD4	Q07666	P14550	Q9UNX3	Q9BX68	Q04828	O95707	Q92621	O43143	P26447	Q14011	Q13885	I3L0A0	Q92540	P09012	Q9H0A0	P29084	O75319	Q9NY61	O60293	P09429	P06576	O00264	P09001	P61158	P13995	P30837	P61313	Q9BWF3	Q9BXS6	Q9BVP2	Q9Y314	Q7L1Q6	Q5SY16	Q9Y383	O76021	Q68CQ4	Q9BZZ5	Q66PJ3	Q9GZR2	Q53HL2	Q9P016	Q15020	Q8IZL8	Q9Y4W2	O60506	Q6RFH5	P42771	Q96PK6	Q9NRX1	Q8N567	P50454	Q9NXV6	Q8NE71	Q9BQG0	Q05D32	Q9UKD2	Q9P258	P78316	Q9BSC4	Q96EU6	Q9NQW6	Q9H2Y7	O75367	P23527	Q9H8H2	Q8WXF1	Q8WXE1	Q9BYG3	Q8WTT2	Q9NUQ6	Q8TED0	Q8NC51	Q6P2Q9	Q8TBF4	O00148	Q14004	Q52LJ0	Q5C9Z4	Q9Y4C8	Q5JTH9	Q6RFH5	Q5BKY9	Q9NXF1	Q8IUF8	Q9Y3A4	Q6IBW4	Q96MG7	Q92878	Q9H6R4	Q8NHQ9	Q1ED39	Q9NWH9	Q53GS9	Q9H9Y2	Q9Y2L1	Q8N9T8	P52272	Q8IWA0	Q5QJE6	Q96SB4	Q08211	Q969X6	Q7Z2T5	Q14980	Q6NW34	Q5VTR2	Q9NTM9	Q6KC79	Q96T60	Q96C01	Q5SSJ5	Q2NL82	Q6P1J9	Q68D10	Q8NDF8	Q13428	Q13601	A6NHR9	Q9NV06	Q9H6Y2	P78345	Q8NEF9	Q9BXY0	O75643	Q5T3I0	Q5T3I0	Q9NWT1	Q76FK4	Q5BKZ1	Q9BY77	Q7L014	O75691	Q9H8H0	Q12788	Q14966	Q14527	Q7LBC6	P19338	Q16666	Q76FK4	Q13535	Q5UIP0"
"Stress granule","DEE660B4","Biomolecular","Homo sapiens",9606,"Q8IX01	Q96SF2	O95758	P23193	Q9UKX7	Q13283	P39023	Q01844	Q14204	P20073	Q53EP0	Q5U5Q3	Q06830	O95817	Q9NYI0	O76003	P27695	Q13951	Q86YF9	O95453	Q14739	Q92994	K7EMZ9	O60930	Q49MI3	P16989	Q96Q15	P09874	Q92900	Q9NPI1	P62495	P26651	Q9Y262	P41091	F5H282	Q9BRA2	Q92630	E7ETU5	Q14157	Q9H1B4	O15143	Q96CX2	Q9H0S4	Q05823	O60832	P56537	Q9H6Z4	P46109	Q7L2H7	Q8NHU6	P51991	O60333	Q13835	Q02241	Q504Q3	O00629	P78344	P00441	Q14671	P04083	O14646	Q9HCK5	P38919	Q9Y3F4	P53992	P55795	P32456	O95985	Q8TCF1	P62280	Q6ZN17	A8MQB8	P41225	P11586	P42345	Q9UIV1	P50579	Q92522	O60841	Q13427	M0R3F6	Q14103	Q9H6S0	Q08211	Q9NT62	Q15366	Q9H0Z9	P11940	Q5T8P6	Q14145	Q14247	Q9NUL3	O15067	Q9NZT1	Q15027	P07199	P78312	Q86XN8	P10809	Q9NX63	Q14694	Q01081	Q96F07	Q96IZ0	Q92499	P63244	E9PNH7	F5H7S3	Q9H6R0	Q9Y314	Q8IZD4	Q9NTI5	P33992	Q9NUQ6	P26196	A5YKK6	B8ZZ10	Q0ZGT2	Q53GS7	Q99567	Q15691	Q8NE71	O00425	P55884	Q9Y315	B4DUR8	Q6PL18	Q13347	Q8IXT5	D6R9P3	P81605	P62913	P60842	O14641	Q9UH99	C9J0J7	Q08379	P43487	P50552	Q14192	Q6P2H3	Q92600	Q07866	O00571	O43781	P15170	O15397	Q16543	Q13243	C9JZJ5	Q99729	P07951	Q14451	P02489	Q99459	O76094	Q9BZL1	P23588	Q96J87	P27348	A6NC42	Q8WU79	P39019	Q9ULM6	Q06210	Q9H2U1	P07305	O60216	P08133	Q13642	B4DUC5	Q9NZI8	Q92545	Q9NRI5	O14717	P52294	Q8IUH3	Q9BTD8	Q6P2E9	Q5TC82	Q13185	P55265	Q00613	Q9Y508	Q13162	H3BRU6	Q9NYL9	P61927	Q13242	Q07955	Q7L2E3	Q86SG5	O60237	P04792	P62633	O75593	Q96L12	P52292	P45974	Q9NZB2	Q96DH6	Q9UHB9	Q15365	P18754	O43432	P08865	Q92567	O60573	P03950	Q13464	O43347	Q9NVI7	P61978	P43358	P60510	Q9GZM8	P54727	Q03001	P06493	P06748	P62753	P05198	Q9NR30	Q9UKY7	O95402	Q9H0L4	Q9Y224	P23246	Q9H0J9	P31483	Q14195	O95628	P52701	P27797	P30154	O75369	Q6Y7W6	P26232	Q9H9Z2	P42858	P31948	O75175	Q9BRX2	P68400	P61758	P18615	O14974	C9JLW8	Q9NZJ5	Q9HC16	P46781	P25705	Q5JTW2	P26641	P51648	Q96DU9	Q99700	Q9HCJ0	Q14152	A6NFN3	P17096	Q15555	Q9Y5A9	P60228	P29558	Q9H4A3	Q9HBD1	Q9Y2U8	Q9Y5V3	Q9UPN3	Q8N6W0	Q96PU8	P43243	Q14151	Q96QR8	Q9ULM3	O15523	Q8N684	P35637	A1KZ92	O43390	O75420	Q15436	Q02952	O15116	Q96BH1	P10636	Q99959	Q8ND56	Q99653	O15226	Q9NWB1	Q6UW02	Q9H840	P09525	Q8WX93	P63241	Q9UNZ2	Q3MHD2	P49961	Q9H3G5	Q9UI15	Q12849	Q99873	Q9BQ04	Q96I25	F8W6I7	Q5TF21	P13639	Q969T9	P06702	Q562R1	Q92945	Q14444	B4DT77	P49756	Q92879	Q71UI9	Q6PKG0	Q9H492	Q86XZ4	Q6NYC8	O15347	Q15038	P62910	Q08J23	Q86TG7	P54646	Q9HAU5	Q8IWZ3	Q12906	P51784	Q99623	P62879	Q15424	P51452	P22626	Q93062	O75531	Q8N9N2	Q9C0B9	Q9BQE3	C9J0K6	Q96A57	A1L020	P19525	P49790	Q13838	O95786	O00442	P33993	Q16630	O15063	Q86US8	P25685	P05114	P38646	P31946	P11021	A1KXE4	Q96HJ9	Q9BTT0	Q86X55	Q99417	P11441	J3QSV6	Q8TF46	Q9NPI6	P00973	P22626-2	Q92997	P04080	O95373	Q9H7E2	P13693	A0AV96	Q96AE4	P17844	Q9C040	F8WEG8	P35249	P06730	Q13310	Q9Y696	Q8TDB6	O43660	P22105	Q9BR76	Q9H019	Q9BPY8	P22087	Q9NUD5	P51679	Q58A45	Q5T8D3	P36897	O75821	P31947	K7EK77	Q8N884	Q14978	P15880	P12955	Q9P287	O60716	O00505	P48634	Q86V81	Q6PJT7	E9PES6	O95793	Q96DZ5	Q5TAX3	P32322	Q9Y2X3	P45983	P0DMV8	P27816	Q9UFF9	Q8ND24	P46060	Q8TEP8	Q9UBE0	Q92628	Q86TB9	P42224	P55072	E9PH38	P06241	P02545	Q99613	P09651	Q8IWR0	Q13509	Q9Y266	A9QM74	O75348	Q8WWM7	Q5TZA2	Q9Y5J1	Q5W0B1	P20226	Q9Y6J8	Q9BYK8	P0DPH8	Q15233	B9ZVT1	Q14258	Q5JSZ5	O75340	P04632	Q8IU60	P55081	P47974	Q6P1J9	Q9UN81	E7EMC6	Q92729	Q09472	Q63ZY3	Q9P258	P60981	Q52LJ0	Q96T37	P35080	Q8IX12	Q8NDV7	Q16629	Q9UHD9	Q6P1Q9	Q15785	P51812	O15234	Q9Y2V2	Q86SQ0	Q86V48	Q9Y3I0	O43251	P26378	Q96T21	Q99439	P28676	Q96EP5	P20042	Q12874	Q00577	Q14677	O00303	O75382	Q04917	Q8IZH2	Q9UIW2	Q16658	O75822	Q17RY0	Q9UNW9	Q9HCG8	O43303	P30626	Q6PFW1	P22061	Q9NX05	P62310	P07737	Q09028	Q14847	Q5T5Y3	Q15717	P07900	Q8N3C0	R4GMT0	Q9HCE1	P06753	Q9UHD1	P02649	P38159	P33991	P24941	P58546	H0YHV5	Q9BZB8	Q12972	P19474	Q08170	Q5T0V7	Q01804	Q9BUJ2	Q9Y520	J3QT54	O96013	Q7L099	Q9NQP4	O60828	P30041	P30101	Q5PRF9	Q92575	Q9ULV4	Q13123	Q9UM54	Q9Y6K5	P17252	Q5H909	O60739	Q9UKF6	P54577	P68032	Q9BY44	P46013	Q01469	P27635	Q96FJ2	Q9Y2K5	Q9H000	Q5VZF2	O95416	Q9NRC1	P08238	Q13442	Q6MZQ0	Q8NC51	P37802	P62269	Q9UPU9	Q6PJG6	O14744	Q8IZU3	P42025	Q6P158	P60520	Q9BSJ8	Q13610	E7EVI1	P62847	P35611	Q8TCG1	Q8N543	P51116	Q9BQ61	P05165	P43304	P54652	P62995	P50995	Q15723	Q96PV7	P01116	Q9Y2Z0	Q15633	P52272	Q702N8	Q9UBQ5	P07237	Q5T481	P31689	O75880	Q6IS14	P41567	P38432	Q96QC0	P0CB38	Q15056	Q8NCA5	Q9H1J1	Q9Y446	Q8WXF1	H0Y6N5	P40227	Q05397	Q8TB72	Q12905	O14578	O15371	O95429	E9PKG1	P61019	Q13151	Q86UE8	Q7Z5Q1	Q9UKV8	Q9UKZ1	P52597	Q96JY0	Q01085	M0R299	P13489	Q15654	Q13155	Q12986	Q9NQT8	F8W1T6	Q04637	Q92901	P58107	Q86UK7	O14746	Q05048	Q99698	Q9NZN8	Q16740	Q14493	Q8WUA4	P67809	Q9P2K5	P56192	Q9UPQ9	Q6ZUT6	Q9NRA8	Q9H361	Q2Q1W2	Q14576	Q96RY5	Q92904	Q9BXP5	O00148	P30876	Q04760	P62306	P35606	Q96I24	P22314	Q6IA86	Q13425	Q8WYQ9	Q659C4	J3QLL0	O15527	Q9NTJ3	P31942	Q01543	P30153	Q9BX40	O15372	Q9BY12	P84103	A6NKT7	Q9NRR4	P11142	Q14240	O75534	Q8IYD1	Q92574	Q96LT7	Q96QZ7	Q15005	Q4AC94	P54105	Q9BRZ2	Q9H694	Q96HC4	E9PH82	Q86W56	Q96A72	Q9BUT9	Q9UN86	O95319	P62826	Q99615	Q7Z739	Q9UBN7	P26599	Q86Y13	O43813	Q9BQ39	O60306	P47755	Q86UW6	O60506	P52948	Q13148	P63279	Q5JVS0	Q9GZV4	Q13501	Q8IYB7	P20774	Q9UBU9	O75937	O60684	Q92973	Q5JXH9	Q99497	Q9H0D6	Q9BV86	O95433	P40337	Q9HCM7	Q71RC2	P14866	P07947	Q12802	Q9NYF8	P50479	Q8N6T7	Q7KZF4	P83916	P46063	P05556	Q15004	Q9BQI3	Q6NXE6	O60504	Q9Y570	O43379	P40938	P15924	P78527	Q06787	Q8IY81	Q15185	P42694	Q00839	Q9Y3B9	H0YEH2	Q96C10	Q16555	Q01518	Q9UGR2	Q92804	P62993	Q8WW22	P62820	Q5T7N2	Q9H9A5	O14979	P31943	P54886	Q9GZN8	F5GY37	O95819	Q15637	P16104	Q8NF91	Q9BX66	Q9H0H5	Q9BZI7	Q12933	P98194	Q9BWF3	O00151	P0DPI2	P07910	Q9H9G7	Q69YQ0	P17987	Q14201	P23396	P10155	Q9H171	Q96LI5	Q7Z2W4	Q9Y6M1	A6NKD9	Q07666	Q5JW30	P19338	P10599	Q92621	O95271	Q5SZQ8	P61586	B1ANR0	O96011	C9JIS1	F8VRD2	Q92615	Q2TAY7	Q96HS1	Q14011	Q5JQF8	B7Z5C0	Q9P1F3	P34932	P37108	Q92540	Q12926	O75179	P46777	Q99996	Q8TCS8	Q15032	Q9H773	P55060	Q8N122	Q14974	Q9H910	P51114	Q9UL18	Q3YBR2	Q5T6F2	Q9Y4F3	Q96F86	Q9UBV8	P49411	Q3ZCM7	Q6GMV2	Q9P2B4	O94967	P23528	Q6AWB1	Q7Z417	Q14296	H0YHB7	P29728	Q9UNF1	Q96AE7	Q00796	Q96CT7	Q9NP73	Q9P2D0	O75525	P49458	O75152	Q8NE35	P49750	P35125	P12004	Q8WUM4	I3L0H8	P57723	Q9NUU7	Q15434	Q9HCC0	Q9C0C2	Q14966	O14787	Q9ULX6	Q13200	Q6ZN04	Q9BYJ9	P98179	Q9NR56	O15131	H7C3A1	H0YAF8	P68366	Q16637	Q9NTZ6	E9PIZ4	H0YH87	Q93052	G3V5D9	Q15274	O75822	Q9BY44	P62495	O15371	Q15185	P84103	Q2TAY7	P68366	Q15417	Q8TB72	P52701	Q05397	O43166	Q9NPI2	P0DTC9	O95760	A4FTK7	A0A024R3V0	P41214	P61221	O43583	Q9ULC4"
"Presynaptic clusters and postsynaptic densities","FB4E32DD","Biomolecular","Homo sapiens",9606,"Q2TAP0	P62877	Q08752	O75083	P11137	Q8NFZ4	P39023	Q14204	P30049	P20073	P28838	Q5JU85	Q06830	O95817	O95870	Q9NYI0	Q08174	O95886	P10515	P25054	Q2M389	Q9NTK5	Q93008	Q13423	Q16836	O14495	P31150	P62937	P09874	P15311	Q92900	P14136	Q9UNA1	P83731	Q16795	P50395	Q9NVA2	Q14139	Q3SXM5	Q96CX2	P52907	Q9UPV7	P46109	O14639	Q99784	Q86UL8	Q567U6	P61106	O60333	P04899	Q16352	P22748	O14734	P11277	P52209	P0DP58	Q15126	Q14699	Q9Y5K8	Q15149	P62140	P10915	P24821	Q76N89	P04083	P04350	Q9UBQ0	O15144	Q14168	O95197	P32119	O95970	Q2NKQ1	Q9Y3F4	P01024	Q9HC38	Q5T5C0	Q9BUH8	P13796	P62280	Q9ULB1	Q9H2X9	Q14194	Q16623	Q9Y6D5	O00401	Q27J81	P11586	P51149	P29692	Q9UPY8	Q9NR46	Q09666	P78352	Q15366	P11940	P14923	O00560	P29992	O75335	Q9Y277	Q9UEY8	Q9NZN3	P36957	Q9H425	Q15811	Q8TF44	P16298	P0CG48	P10586	P48444	P10809	Q9BRQ6	Q9NX63	P05023	P54920	P46940	P27361	Q5VSY0	P17661	Q96F07	Q92499	P48169	Q8TF21	Q9UJF2	Q96JB5	Q86Y82	Q9NQC3	Q9BTV5	P13929	O75781	P61163	O94826	Q8IXI1	Q9GZN7	Q86UU1	Q8N6H7	P42677	P84074	P27708	Q9BTW9	P26196	P62906	Q00535	O94875	O96000	P27338	Q7Z3B1	O15394	P07384	P84095	Q6DN90	Q15691	Q07002	P54750	Q8WWZ3	Q9Y3L3	P21926	Q13045	Q9Y2G0	P55735	Q9P253	O14964	Q9BPW4	Q9H269	Q99418	Q9UNH7	O00499	P36915	P40939	Q86VP6	O14980	P36873	Q8WVM8	Q9UBC2	P25686	P02511	Q96EY1	P09622	P63167	P37837	P60174	P21579	Q6ZMI0	Q96Q89	Q9Y3C6	Q9H1K4	P35052	O00571	P19784	P02675	P09543	Q96ID5	O14976	Q92859	Q07866	A4D1P6	P49448	P07951	P07954	P34897	Q9UDT6	P47897	P08670	Q7L0J3	O00203	P50993	Q9H9A6	Q14894	Q8IXI2	O76024	O14936	O75828	P62136	P63104	P55011	P31939	Q02750	P27348	Q15334	O14994	P62917	P00338	P22695	Q92526	Q9H0Q0	P19404	O43301	P52895	P39019	Q14160	Q8WZA9	Q5JWF2	P08133	P10606	O95202	Q8NBU5	Q5T1M5	Q96RT1	Q9Y285	P14868	P52294	P60953	Q04837	O15228	Q9NSD9	Q14764	Q9UQ16	P49418	P49407	Q92896	O14874	Q96PV0	Q08209	Q8IYI6	Q9NZJ7	Q9UHD8	P54578	O94874	P42658	P11274	Q14344	Q92597	Q8N766	Q9ULP9	P08754	Q8WXD9	Q9BQ69	P31323	Q14789	Q96HY6	Q8N111	Q00341	P11678	Q9GZV7	Q9P2R7	Q7L2E3	Q14C86	P78559	Q86VS8	P59768	O60493	Q12768	Q9UL54	P04792	Q99962	Q15818	Q16718	P12931	O95670	P07814	Q16570	Q9Y4J8	O95219	Q6PCB7	O75964	P45974	Q15365	Q9ULU8	P10644	Q05586	Q99720	O15075	Q9Y2H1	Q9BVA1	Q00765	P08865	Q12860	P48735	P05091	P08758	Q9UPY6	Q9Y2J8	Q9UID3	Q96AX1	Q9Y490	P61978	Q13464	P51153	O15083	P80723	P14649	P56385	Q9HCM3	Q03001	P13861	Q9H479	Q16643	Q7Z2K8	P06733	Q00169	Q8TAG9	A0A0B4J269	P50990	P05198	Q00059	Q9Y639	Q00325	P21397	Q9H8M1	Q9NZM3	Q12959	Q99747	O94766	P36543	Q9GZY8	Q9P2P5	O60299	Q96TC7	Q9UI12	Q14195	O60488	O75190	P00505	Q02978	Q9H0B6	P25098	P50991	Q12765	P26232	Q5T2T1	O43426	Q9UQ03	P53007	P46782	P42858	Q9UJZ1	Q8NEU8	P31948	Q96P26	P68400	Q9UL25	O14974	P25705	P05129	Q08495	Q5M775	Q9UBS5	Q9Y4C0	A0MZ66	O00160	P51648	Q96AG3	Q14185	Q03252	P45880	Q969P0	P04843	Q9NTJ5	Q13303	Q15555	Q15477	P04406	Q9H4A3	Q9UPN3	P49802	O14531	Q9H223	Q13449	Q96AQ6	O75145	P49815	O95292	O75306	Q96QR8	P42263	P09936	P61421	P29401	Q8IWT6	Q8N9R8	Q9Y5S2	Q13424	Q07157	Q5T848	Q9NRY4	O75477	Q15436	Q5JPE7	Q02952	Q14982	P05771	Q9H3Q1	P10636	P20339	Q92930	P48058	Q6ZVL6	Q9P265	Q16698	Q8WXG6	Q9Y2J0	P23634	P99999	Q99733	P23258	O95837	Q14289	Q9UI08	O15400	P30085	Q9NRH3	P17066	Q9UNZ2	Q12931	O00291	Q765P7	P47736	Q9UI15	P23468	Q9Y566	Q15700	Q16512	Q99536	Q9Y2H0	Q9P0V9	Q5TF21	Q13554	P13639	O00214	Q02252	P35612	Q9UPW8	P21281	Q9Y6T7	P11498	P08240	P62191	Q02641	Q8WXF7	P17858	Q96IX5	O00186	Q9H492	Q96CW1	P26373	Q9BZ29	Q13557	Q9Y4D1	Q8ND76	P08631	P02747	O14594	Q12965	Q96QK1	O95466	P21796	Q9HCH3	O43295	P20674	Q99623	Q9P1Z2	Q9H7D0	Q99946	P51452	O00330	Q02246	O15484	O60658	Q9H4G4	P16452	P14621	P13611	Q6PGP7	Q8N3V7	Q86YR5	Q00610	P55290	P19525	O76041	O95140	O94811	O75116	P61764	P62258	Q9H2M9	Q9H061	P32004	Q5VIR6	O75955	P38606	Q9H444	O95782	Q9Y2Q3	Q8IVF7	Q9H254	Q9HAV0	P25685	P02730	P38646	P28072	P68106	Q9UBB4	O43707	Q14416	P11021	Q9Y6M9	P31946	Q9UN36	Q96JE9	Q13367	Q14203	P11441	Q9Y2D5	Q6NVY1	P14854	Q9H936	P84077	P01037	Q92614	Q9NUP9	O14807	Q9NRN7	O60763	Q9H9H5	Q9P121	P60880	P61601	Q3KQU3	O95299	P78352-3	P08559	Q5TCZ1	P14867	P53621	O95373	P19022	Q9Y4E8	O00159	Q8IWU2	Q96JC1	O95990	Q6UWE0	P14324	O75061	Q9NRW7	P35749	P54284	P32969	Q9C040	O00471	P28161	Q86YM7	P01111	P53990	Q9NRW1	P20648	P62760	Q13310	P00568	Q9BR76	Q86YS7	O14617	Q9BY11	P41594	P09417	P09471	Q96HU8	P09493	Q9C0D0	O15034	P60201	Q9Y4R7	P16157	Q5T8D3	Q9NZH0	Q7Z4S6	Q96C19	P31947	A0A2R8YDH4	Q01813	O00410	P23284	Q9NV70	O60716	P68371	Q8N5S9	P17568	P24666	Q9UPR5	O94979	Q13153	Q07954	Q96DZ5	P35579	Q13332	P53992	P54136	O60282	P35232	Q14156	O75521	Q9UPQ3	P20916	O75390	Q9UJS0	Q99798	O75077	O95741	P27816	Q13884	Q9Y3L5	Q9Y2X7	Q99719	P46060	O14490	Q13671	P42224	P60660	O94819	P55072	Q15121	P54764	Q9P1A6	Q9UN37	P07355	P62277	P06241	P09651	O75348	O60884	P11166	Q3ZCQ8	Q01484	P19174	O95294	Q16774	P09038	O00533	Q9HBL7	P50148	O00231	Q92828	P01588	P11217	Q92599	Q16799	Q13232	P30043	P05388	P51178	Q9NZR1	P35613	O60331	Q9Y4G6	Q15147	Q9H4M9	P61981	Q92777	P55087	O94925	P78357	Q14318	Q15042	Q05639	Q92629	O75746	Q92561	Q9Y3U8	Q9UQB3	Q15120	Q63ZY3	Q9NQX3	Q9Y6V0	Q9NZW5	P61204	Q96NN9	P60981	Q08257	Q6IAA8	Q9HA65	O14827	Q8N568	Q13813	P34931	Q9Y2Q0	Q13733	Q15785	Q14008	P09497	P49591	Q96D05	Q969M1	Q9Y3D7	P09104	P21283	O15020	Q9Y3I0	Q9Y496	O00764	A6NH52	Q00013	Q9NP79	P40121	Q13526	P12236	O75410	Q00577	Q99569	P63010	O75382	Q9HB21	Q04917	Q9UIW2	Q05193	Q16658	P63000	P00558	Q9UJU6	Q9ULJ8	P30626	Q9P035	Q15599	Q12955	Q9NZG7	P07737	P22061	Q86UR5	P43155	P07195	O43739	Q9BQI5	Q6UXV4	Q9P2E9	A6NCS6	P20340	Q86UX6	Q07065	P07900	Q14847	P06753	Q17R89	Q13057	P02649	Q8TF61	Q969Z3	Q99816	O43396	O94772	Q6ZVM7	O00483	Q8NHH9	Q8NBX0	Q9BWM7	O75323	Q9UQM7	P13591	Q8TCU6	Q93050	Q9Y2I8	P16152	Q6P1N0	Q07021	Q7L099	P43004	P30041	P30101	Q9UMF0	P19367	Q9HAR2	Q9UPP2	Q53TN4	P17677	Q9HAU0	Q9ULV4	O43175	Q9NQC7	Q92572	Q9H9B4	P53396	Q9UM54	Q7KZI7	Q6H8Q1	Q9NY47	Q9Y4W6	Q86WG5	P16333	P17252	P61266	Q9Y4E6	P07197	P42704	O75146	P49327	Q9UMY4	Q13561	Q9ULD0	Q99963	Q9NS86	Q13596	P54577	Q9UPQ0	Q96E17	Q99832	Q6YN16	Q02156	P08237	Q9NUQ2	P05026	Q9UKU0	Q9Y6K8	Q8N7J2	Q9P260	Q9HB71	P14415	Q9UH03	P78371	P78417	P54707	Q7Z7K0	Q16653	P36507	P00918	O60268	O43617	Q9NZ45	O60313	P62873	P37802	P12814	O14744	P47985	Q8TF09	P42025	Q9UEW8	P60520	O14773	Q9Y6G9	Q9Y2H5	Q9UPT5	P55786	Q92752	P35611	P50995	Q9BSJ8	P35221	P05165	P54652	P23396	Q92841	Q8IXJ6	Q8NCB2	Q8TB36	P43304	Q5JTD7	Q6VY07	P00915	P12277	O43602	P50914	P78362	Q7Z460	Q96RR4	P01116	Q15075	P52272	Q15388	P22694	P31146	Q9P1Y5	P36776	Q9Y6U3	P62424	Q12792	O75165	P31689	Q6GYQ0	P50416	P04844	Q96KP1	Q96BQ5	Q9HD42	Q9BYB0	Q9UNF0	P62263	P60891	P40227	A0FGR8	Q8IZ83	O14910	P13637	P36578	O00139	Q05397	Q2M2I8	P51116	Q5VT25	P27105	Q8NFH8	P42261	O14578	P62745	Q6ZWB6	P61803	P61020	P28289	Q15435	Q01433	O75947	Q69YW2	P35241	Q8WWI1	P41219	Q8N9N7	Q9P2R3	Q8IUD2	Q9UKG1	P11216	O75155	O95169	Q6UB35	O75363	O95757	Q9Y2J2	Q96Q05	Q96AG4	Q8IZD9	Q5J8M3	P02794	Q96A65	O75935	Q04637	Q9HAP6	Q92598	Q9Y5M8	Q8NHG7	P49419	P49590	P56192	Q12979	P12036	Q9H270	P59190	Q9UPX8	Q9NQ79	Q9NUQ8	P37840	Q8WZA2	Q9H330	O95182	Q14155	P59780	P30038	O75334	Q16891	Q9Y6W5	O00445	Q9Y6N8	P68363	Q96BY6	Q92823	Q16181	Q9Y5X1	Q15386	Q7Z6G8	P22314	Q8TD22	O94973	Q8TDC3	O43237	Q5VUB5	P14927	Q13425	O75122	P23515	O75962	Q14738	Q9Y678	Q9NUJ3	P30153	Q15907	P84085	Q86VW0	Q9UK22	Q15046	P19086	P09110	Q8WVC6	Q9Y4F5	P35580	P50213	Q9UIA9	Q92796	Q13555	Q14240	Q9UIJ7	P11142	Q8N573	O60229	Q9NZQ3	P48426	P22234	Q13724	Q12879	Q13409	Q02218	Q96JH7	Q09019	O60645	P11182	P23471	A5PKW4	O00746	O95139	Q9UDY4	P51649	Q9UHD2	O60861	P05413	Q9NTI2	O15079	P51659	Q99661	Q9P0L2	Q96JJ3	O00408	O14548	P28288	O75899	O43795	Q9NZ52	P20020	P05164	Q9Y4I1	Q9BPW8	Q53H12	Q5T4S7	P62244	P47755	P53597	P16615	Q9Y241	O60506	O43813	Q9NVH1	Q9Y2D4	P55283	P49368	Q9UQB8	Q8N2U0	Q86UP2	P62249	P68104	P02679	O94760	P01871	O75489	P08195	P55160	Q7Z2D5	Q96JB2	Q9NZ56	Q9BRN9	P13987	Q6P1M0	Q86UE4	O94929	Q9H0E2	P24539	Q53H96	P49841	P30044	Q96Q04	Q8N3P4	Q9NZJ4	Q9BXF6	O14775	Q92973	P40925	Q8TDJ6	Q99497	Q9UPA5	P31930	Q96DA6	Q9P0L0	P36542	O95433	Q92558	Q9H115	P53677	P63096	Q99490	O14514	P07947	Q9H0C2	Q02790	Q96MZ0	P36969	P18206	Q7KZF4	P21266	Q01814	Q9Y3Q8	Q9NP97	P20336	Q9Y342	O94903	P06744	P28482	O43678	Q99961	P82909	Q9Y6R0	P62834	P33176	O95573	Q9BXS5	Q5VWQ8	O94905	P15924	Q9NUT2	A6NL88	Q8IV08	Q68DU8	P11413	Q92974	Q9NPQ8	P23526	P35222	P08247	P35609	O95248	P63215	O00487	P17600	Q9UI09	Q8N4N8	O75592	P54289	Q9NYB9	Q96EV8	O75380	Q5T5P2	P29218	Q9Y281	Q9UNE7	Q9NQ66	Q01518	Q8N4C8	Q6PCE3	Q16555	P21589	Q96P47	O60826	Q9P0K1	P09211	Q9H0U4	Q13825	Q05469	Q86UN3	O60749	P62820	Q9H3S7	Q15006	Q9NSB8	P0DMV9	O43488	O43491	Q02878	P46459	Q9UHC6	P30519	P30086	Q8NF91	P49674	O00429	O00305	P09669	Q9BX66	O15540	Q5SQI0	Q8TB68	P62750	Q6NV74	P48730	Q14254	P78324	Q9HD20	O43865	P60709	Q9Y4F1	Q9UJW0	Q9UHQ9	P26038	Q86SK9	Q96GW7	A6NE02	Q5R3F8	Q5T5U3	P10909	Q9NPD7	Q9NUQ9	Q86TV6	Q10567	P17987	Q9GZT3	Q9Y4G8	P51148	O94832	Q8WUY1	P02686	P55084	O94856	P52306	Q15019	P40123	Q96SB3	Q9Y5X3	P14550	Q04828	P28331	P41252	O60641	Q9H2G2	Q8N1G4	P12235	P42262	P11171	P06396	Q7Z406	Q15836	Q14141	Q8WVJ2	P61586	Q8TF74	Q06124	O96011	Q7L7X3	Q9C0H5	Q01082	Q86T65	Q9Y2A7	Q70E73	Q12840	P09972	Q99426	P05141	O43581	Q13885	Q7Z3D6	Q92608	Q12846	P34932	Q9UPT6	O15240	P50570	Q15084	P49006	P15104	O15399	P52943	Q9UBB6	Q96FE5	P55060	Q92736	Q14974	P49588	O00519	Q07960	P49411	Q9UHB6	P42766	P11233	P23528	Q13505	P48643	Q9NRL3	Q16851	Q08AM6	P06576	Q9NSC5	P55196	Q96CT7	P32189	Q9UL15	P40926	Q96L92	O76054	P14618	O14950	Q96PY5	O14576	Q08AE8	Q9Y6C9	O43526	Q8N3E9	P63173	P61018	Q8WUM4	O75891	P43003	P00403	P13073	Q6UWR7	P61158	Q9HCC0	Q53GQ0	O94915	Q13200	Q13363	O94910	Q8N490	O00170	Q9Y512	Q9BZV1	O15145	P68366	Q96NW7	Q9NPJ3	Q4G0A6	P11177	P62888	P21291	Q8IZP0	O75051	P01876	Q8TAF3	Q9P2U7	Q9NR31	P05090	Q16720	O43236"
"P-body","232F8A39","Biomolecular","Homo sapiens",9606,"Q8IX01	I3L2L5	O95758	P39023	Q13283	Q01844	Q53EP0	Q9UK45	P16989	Q92900	P26651	P62495	H0YIB4	Q14157	A2A288	A8MXP9	Q8NHU6	Q7Z478	Q16352	O60333	F5GY55	Q02241	Q504Q3	P78344	Q15149	Q14671	Q13435	Q9HCK5	P38919	P55795	O95985	P62280	Q6ZN17	Q92522	Q9UIV1	Q9H6S0	Q9NQI0	Q08211	I3L3P7	Q15366	Q09666	P0C0S8	P11940	Q9UII4	Q9NUL3	Q8IUX4	P78312	Q86XN8	Q8TED0	Q14694	B4DR52	Q92499	Q02880	Q96SI9	E9PF63	Q8IZD4	Q9UMS4	P26196	A5YKK6	P62906	P02787	Q53GS7	H0Y368	O00425	P55884	E5RJN7	V9GYY5	P62913	Q8TDN6	Q6P2H3	Q92600	O00571	Q99729	Q9BZE4	H0Y8G5	Q9Y4Y9	P62851	Q92993	Q8WU79	Q53F19	Q9ULM6	F8W930	Q9H2U1	J3KTA4	Q9NZI8	Q92545	O14717	P12273	P63162	P05109	Q99575	Q6P2E9	Q5TC82	Q9UQ35	P98175	Q14683	H0Y6E7	P61927	Q10570	O75533	Q9UJV9	Q7L2E3	Q02413	O60237	P04792	O75593	P07814	P62312	Q9NZB2	P43628	P0DOY3	Q15365	P62081	P08865	G8JLB6	O60573	Q9NVI7	O43347	Q9GZM8	Q96QA5	P62753	Q9H6R4	Q9NR30	Q9H0L4	Q9Y224	Q9H0J9	P25398	Q9C0G0	P60866	P31483	O00165	O95628	Q8WWY3	Q13895	P02647	Q6Y7W6	Q9H9Z2	H0Y969	O75175	C9JLW8	Q9HC16	P46781	Q09161	Q99700	Q9HCJ0	H0YHA7	Q03252	P26368	Q9Y5A9	P29558	P04406	Q9HBD1	Q9Y5V3	Q96PU8	P43243	Q14151	Q9NVP1	Q14690	P35637	Q96GA3	O43390	P61626	O15116	Q96QP1	Q8ND56	O15226	Q6UW02	J3QR07	O75367	E7ET15	P0DOY2	Q3MHD2	Q9H3G5	Q12849	Q96I25	Q9Y4C8	P06702	Q562R1	Q92945	Q14444	P49756	Q92879	Q6PKG0	P26373	P62910	Q86TG7	Q8IWZ3	Q12906	P35251	G3V4C1	P12956	P47929	P22626	Q93062	Q8N9N2	Q9C0B9	P62841	P25311	J3KQN4	O60812	A1L020	E7ERS3	H0Y8A4	B0QZK4	P33993	Q16630	O15063	P0DJD0	Q86US8	B4DZC3	P31151	P38646	Q9UBB4	P11021	J3QSV6	Q8TF46	Q9NPI6	Q14980	Q92997	P62979	Q16775	H3BQ34	O00159	F5H3Y4	Q9H7E2	A0AV96	Q13601	O00567	Q12796	P06730	Q13310	P22087	Q9NUD5	Q9NRC6	Q58A45	P36897	Q8TD31	Q5BKZ1	O75884	E7EPB3	P15880	P62899	P02768	B7Z4B8	P48634	O95793	Q8NDT2	Q5TAX3	Q6UN15	Q9Y2X3	P45983	P0DMV8	Q9UFF9	Q92628	Q8TEP8	Q86TB9	P62277	J3KTE4	G5E9W3	Q8WWM7	Q5W0B1	P20226	Q15759	Q9BYK8	Q15233	Q15020	P18124	P05388	Q5JSZ5	O75340	E7EQV9	Q8IU60	P47974	O00584	Q9Y3A2	Q13247	A8MUS3	Q96T37	P62701	Q8NDV7	Q16629	Q13813	Q9Y2W1	O15234	Q9Y2V2	Q86V48	Q9Y3I0	Q96T21	Q96EP5	Q9BQ75	P12236	Q00577	Q8IZH2	Q17RY0	B4DEB1	Q12955	Q9NX05	P62310	Q15717	Q8N3C0	Q9HCE1	O00541	P08708	P38159	Q9BZB8	P61353	P19474	Q01804	Q9Y520	Q8WXF0	Q07021	Q96E39	Q9UM54	Q14692	Q6UWP8	Q9C0J8	Q9Y5S9	H0YMD0	Q96PK6	Q01469	P27635	Q96KR1	Q9Y2K5	Q9H000	Q5VZF2	Q9NRC1	P08238	Q6MZQ0	P62269	O14744	Q6P158	Q13206	P62847	P51116	P54652	Q92841	P62995	P23396	Q8N831	Q9Y2Z0	P52272	P62424	Q96GQ7	J3KTL2	Q8NCA5	Q96CW5	P40429	P62263	Q9BVP2	Q8TB72	P36578	Q12905	O95429	P61254	Q13151	Q9UKV8	Q9UKZ1	P52597	A7E2Y1	Q01085	Q9HCS7	Q12986	J3QK89	I3L2C7	Q92901	Q04637	J3KRX5	Q86UK7	P35268	Q9NZN8	Q8IWB6	P67809	Q9UPQ9	Q9Y4Z0	Q9P2I0	P12036	Q9NRA8	Q9H361	P12882	H3BLV9	P49792	Q9BXP5	Q15029	P68363	Q96I24	Q8WYQ9	Q659C4	Q9NX58	P11388	P10412	Q01543	Q9UIG0	Q6E0U4	Q9BX40	Q9BY12	P84103	P35580	Q9UQE7	E7EPN9	Q92796	P47710	P11142	O75534	Q15393	Q96LT7	P04040	Q8N163	Q9BRZ2	Q9H694	Q96A72	Q9BUT9	E9PJD9	Q9UN86	Q7Z739	P26599	Q9Y649	Q86Y13	Q9Y4I1	Q9BQ39	P62805	H7C0B1	Q86UW6	O60506	Q13148	O00411	P62249	Q9H7B2	Q8IYB7	P20700	P52298	Q5JNZ5	Q4G0T1	Q99497	Q9H0D6	Q9Y333	J3KSP2	P61247	Q9HCM7	Q71RC2	P14866	Q7KZF4	Q9BQG0	Q06787	Q8WYQ5	P42694	Q00839	Q9BXT8	H0YEH2	Q9UNQ2	O43306	Q9UGR2	P39748	Q08554	Q9NPJ4	Q92804	Q15154	P0DMV9	Q5T7N2	Q9H9A5	P29508	O14979	Q9Y283	P60033	Q8NF91	Q12756	F2Z388	Q49A26	P60709	Q9BQA1	P05089	Q5QPL9	E1P5S2	P07910	Q9H9G7	Q14201	O94832	Q96LI5	Q7Z2W4	Q9Y6M1	P52306	Q8WZ42	Q5JW30	Q56UN5	P19338	Q5VZ46	E3W994	O43143	Q01082	Q92615	A0A0U1RRE5	Q96HS1	P05141	P13010	Q5VTE0	Q96P63	Q14684	Q92540	Q12926	O75179	P46777	P62829	Q99996	Q15032	P51114	Q9UL18	P09012	Q5T6F2	Q9Y4F3	Q96F86	P62241	O60264	Q96AE7	Q9NP73	Q7Z417	H0Y8N5	Q9P2D0	Q8NE35	Q8WUM4	Q9NW13	Q15434	O14787	Q96JK2	Q9C0C2	H0Y945	Q6ZN04	Q9BYG3	Q9BYJ9	B9A064	Q9UHX1	C9JNW5	Q16637	P01876	Q92552	Q9NZM5	Q9NR56	P37840"
"A-bodies","6A1B29D1","Biomolecular","Homo sapiens",9606,"P40337	P06493"
"Rapsn condensate","3EAB04FE","Biomolecular","Homo sapiens",9606,"Q13702	P02708	P11230	Q9UPN3	Q14118	P12814	P17655"
"Nur7 condensate","927B5294","Biomolecular","Homo sapiens",9606,"P22736"
"Slit diaphragm condensate","936CAA69","Biomolecular","Homo sapiens",9606,"Q86UL8	O94850	Q9Y5K6"
"BRD4 condensate","634C353E","Biomolecular","Homo sapiens",9606,"O60885"
"nYAC","0C658009","Biomolecular","Homo sapiens",9606,"Q96MU7"
"NP bodies","28619EF7","Biomolecular","Homo sapiens",9606,"Q14671	Q8TB72"
"EWS-FLI1","D3EAE6DE","Biomolecular","Homo sapiens",9606,"Q01543	Q01844"
"TopBP1 condensate","C4912696","Biomolecular","Homo sapiens",9606,"Q92547"
"FATZ-1 condensate","ED61D366","Biomolecular","Homo sapiens",9606,"Q9NP98"
"YBX1 condensate","5253F164","Biomolecular","Homo sapiens",9606,"P67809"
"TDP-25 inclusions","C4C56ED2","Biomolecular","Homo sapiens",9606,"Q13148"
"Centrosome","8C2F96ED","Biomolecular","Homo sapiens",9606,"O75604	P11137	Q01844	Q14204	Q9UBW8	Q9NRM7	Q13946	Q9C0F1	Q76KD6	P36405	P25054	Q8NHQ1	Q6IQ19	Q9BY41	Q9NTK5	Q9NZJ0	P09874	P50395	O15143	P78396	P04899	Q76N32	P52209	Q9Y265	Q00987	O14757	P51587	Q92834	Q13487	Q12769	Q14194	P42345	Q9NPJ1	Q08211	P21964	Q66K74	Q9ULD2	O76070	Q14247	Q9Y277	O43670	Q04759	Q9Y3E7	Q8TDX7	Q9UQB9	Q8NEM0	Q8N0Z3	Q3KR16	O60447	Q9BVJ7	P27361	O76095	Q96PF2	Q96JB5	O60260	Q9BXH1	Q9BTV5	P61163	P33992	Q9BTW9	Q9BVV6	O00522	P42229	Q8IWZ6	Q8NA72	Q9H1A4	Q9UJT2	Q9BZL6	Q15691	P57058	Q13761	O00459	P05067	Q7Z7A1	Q9P209	Q5SZL2	P29144	Q5JVL4	Q96FI4	P36873	O14980	P02511	P49768	P43487	P49023	P63167	Q6P2H3	Q96Q89	P06239	Q9C099	O43781	P19784	Q8TC76	Q9BRK4	Q9BYV8	Q13098	Q15797	P40763	P62136	Q02750	O75665	P29966	Q15208	O95072	O43566	Q9NRI5	P58062	Q9H4B6	Q99689	Q5SNT2	Q00613	Q9NYA1	Q8NFJ9	Q9UPV0	Q92597	P08754	P41236	O95835	P29762	Q9BT25	Q14683	P31323	O15066	Q9Y3M2	Q14789	P53985	O15360	P78559	Q9UJT0	Q9NVX0	Q5TF58	Q13547	Q66GS9	Q17RS7	Q9Y2H1	Q96KG9	Q15172	Q13464	P60510	P13861	Q9H8S9	Q9GZM8	P06493	P11801	P06748	Q9NXR1	Q9BW27	Q9NV58	O43293	Q96RT7	Q5VT06	Q15642	Q96S59	Q9Y2I6	O15078	Q9UL46	Q9H8X2	Q9UI95	Q684P5	P42858	P68400	Q9C0D2	Q5TB80	Q96K30	Q13439	Q96F15	Q96EA4	Q96Q42	Q92905	P49815	Q2M2Z5	P04629	Q5EBL4	Q9NY27	O43242	P05771	P10636	Q99828	Q5JVF3	O95997	P08F94	O43805	Q96ST8	Q7L9L4	Q13415	P23258	Q14289	O75367	Q8TAP9	Q9HC98	P53350	O95983	Q13554	P60484	Q96NS1	Q9NYH9	O60341	O14965	Q5SW96	P04637	P41002	P34947	Q9BQ89	Q9P1Z0	P54257	P55290	P62258	O75116	Q13177	Q9H4B4	P49916	Q8IZT6	P21127	O43504	O95954	O60308	P38646	O15111	Q9H0N0	P62699	Q96JE9	Q14203	Q92569	Q14980	Q9UNS2	Q7L5Y9	Q86VQ0	P84243	Q5FBB7	P41208	P53990	Q6VVB1	Q9Y230	Q9Y696	Q9UBK9	O14977	Q8TD31	Q9H0K1	Q9H4X1	P41134	Q14674	Q9Y6D9	O60716	Q13153	Q05086	Q6UVJ0	P45983	P27816	Q70YC5	Q99075	Q9Y2X7	Q9BYG4	Q8TEP8	Q9BXL8	Q8WXW3	Q9NVR7	P06241	Q13509	A6NKF1	P33981	Q5TZA2	Q9BUF7	P19174	Q06323	O15182	P42336	Q9NXG0	P62195	P53667	Q13131	Q96NB1	Q8WWW0	Q53EZ4	P61981	Q9UBP0	Q8N8E3	Q9BZD4	Q9Y6F1	Q6NUQ1	Q86XR8	Q8TAP6	O60688	P29590	Q8WWK9	Q86SG6	P09497	Q14008	Q13315	O95613	P09104	Q9UHD8	Q9Y496	P42574	P00491	P40121	Q13526	Q99569	O75410	Q96GE4	Q8NHV4	Q7L5N1	O75330	O43303	P14635	Q8IW41	P61968	P07900	O75496	Q14191	Q9HC77	P23297	P32121	P61236	Q96HJ3	P24941	Q155Q3	Q13416	Q99816	Q3B820	O94986	Q96EZ8	P61201	Q1W6H9	O60927	Q15834	Q9ULJ1	P11309	Q13123	Q9Y2T1	O96017	Q13772	Q8TF40	Q9NYP3	P30307	P61266	Q13561	Q02156	Q96FJ2	Q96FC9	Q9H228	P36507	Q8TF09	P42025	P22692	Q9Y6G9	P54652	P50995	Q8IXJ6	Q9NS56	P36404	O43602	Q5T6F0	Q8TAM2	O15013	P06400	Q16584	P55036	P38936	P51955	Q96CW5	Q12815	Q96ED9	Q86SQ7	Q05397	O00139	P48729	O76050	P49711	Q86YT6	Q07869	Q96RT8	Q8N3I7	O75935	Q8N137	Q8TEY7	O14920	O60934	Q9Y6K9	Q15468	P49792	P50281	Q8WXU2	Q16181	Q9UK80	Q8TDC3	O43237	O95684	Q92547	P11388	O15527	Q15058	Q9BSJ2	Q9UNK0	Q99728	Q9UQE7	Q9UNH5	Q13555	P11142	Q8NCW5	Q92574	Q5BJF6	Q96JN8	Q13409	Q96MT8	Q13418	Q96KN7	Q9UJT1	Q86W56	P53671	P20248	P62826	Q9NPB6	P81274	Q9BVA0	P30305	Q8NI51	P52732	P49454	Q8NBT0	Q2KHM9	Q9UM13	P63208	Q8TC44	Q9HAU4	Q9H9Q2	Q9P0L9	Q9NS87	Q9BV73	Q92558	P63096	Q49MG5	P18206	Q96SN8	Q8IYM9	O15392	O96020	Q9NP97	Q15004	Q96R06	P28482	Q96LK0	P18887	O43379	O60729	Q8N157	P78527	Q5SW79	Q92974	Q9NPQ8	P35222	P53779	Q14511	Q12798	Q00839	Q8N4N8	Q9UM11	Q5HY92	Q96JM3	Q9NRA0	Q86YS3	Q68DK2	Q8TCU4	P62993	Q15154	Q3V6T2	Q96L34	A8K8P3	Q5VYK3	P0DMV9	Q13099	Q13042	Q99460	P30260	Q9UPS8	P30086	P49674	P16104	O14777	O94806	Q9BUB5	P48730	Q12923	O75449	P49840	Q8IYM1	Q9NS23	Q9NYY3	P17987	O00444	Q96DN5	Q96RK4	Q9UGJ1	Q16667	Q15814	Q9UKA4	Q9UPN4	P11171	Q9BW19	O95271	Q96QA6	Q13188	Q9Y592	Q96IF1	Q1MSJ5	O15524	P49450	P50570	Q9UL19	Q8N7H5	Q15139	Q8TBZ0	Q99996	P11362	Q14974	Q16589	Q9BR77	Q12834	O75154	P08047	O95714	Q08AM6	P15056	Q96CT7	O14576	Q8WUM4	Q5VU43	Q13257	Q13200	Q15051	Q13363	Q6QNY1	Q9BZV1	Q99627	P68366	Q9BT78	Q9Y3P9	P49810	P43034	Q5XKL5"
"Golgin condensate","F3208D05","Biomolecular","Homo sapiens",9606,"Q13439	Q15643	Q08379	Q8IWJ2	Q92805	Q96CN9	Q08378"
"Sint speckle","E8F4C1F2","Biomolecular","Homo sapiens",9606,"A7MCY6	Q9H3S7	Q9H6S1	Q8NFZ5"
"SARS-CoV-2 condensate","ACEBA0C0","Biomolecular","Homo sapiens",9606,"Q13283"
"Proteosome condensate","550E224B","Biomolecular","Homo sapiens",9606,"P55072	P54727	P49721	Q05086"
"P62 cluster","F17BA747","Biomolecular","Homo sapiens",9606,"Q9GZQ8	Q13501	Q14596	Q96BY2"
"Germ granule","E603CCA4","Biomolecular","Homo sapiens",9606,"Q9NQI0	O00571"
"STING phase-separator","7F558BCC","Biomolecular","Homo sapiens",9606,"Q9UHD2	Q86WV6"
"Junctional condensate","CCFFAF5A","Biomolecular","Homo sapiens",9606,"Q9UDY2	Q07157	O95049	Q8NI35	Q5TCQ9"
"Anisosome","BEB5E62D","Biomolecular","Homo sapiens",9606,"P0DMV8	P11142	P17066	P11021	P34931	Q13148"
"DYRK3 speckle","8908B6CB","Biomolecular","Homo sapiens",9606,"O43781"
"cGAS foci","1A0B17A6","Biomolecular","Homo sapiens",9606,"Q9NSU2	Q8N884	Q9Y4E8"
"Pericentriolar matrix","1DAEF59B","Biomolecular","Homo sapiens",9606,"O00444	Q96MT8	O94986	Q15154"
"Htt inclusion","518B4F3F","Biomolecular","Homo sapiens",9606,"P42858"
"Ubqln puncta","EB3EADD3","Biomolecular","Homo sapiens",9606,"Q9UHD9	Q9NRR5	Q9UMX0"
"SPOP/DAXX body","DAD1D2C8","Biomolecular","Homo sapiens",9606,"O43791	Q9UER7"
"Nuclear stress body","81D2A7B6","Biomolecular","Homo sapiens",9606,"Q00613	Q9H3P2	Q15424	O94916	Q8IXH7	Q07955	P18615	Q13242	P24928	Q03933	Q16629"
"MegaTrans enhancer complex","ECBAC048","Biomolecular","Homo sapiens",9606,"P23771	P03372"
"Nuclear speckle","804901D1","Biomolecular","Homo sapiens",9606,"P57052	P35637	Q96CJ1	Q6ZRV2	Q16665	Q8TC56	Q75N03	Q14966	P49841	Q16629	Q01081	Q86U44	Q8WYA6	P19544	Q9NWB1	Q96GM8	Q9Y6Y0	Q15648	P51816	O00257	P18583	P17066	P82979	Q8WWM7	Q02040	Q8IYF1	Q96S94	Q96T37	O95232	P52739	Q9UBU9	P62995	O75925	P0C7X2	Q8IZD2	Q66PJ3	Q9UMS4	Q8N3C0	Q9NR00	O00422	Q96N46	P50613	Q9NVI1	P50750	Q13905	Q05519	P84103	Q04206	Q15428	Q9NVM6	Q6P6C2	P36897	Q96QD9	Q9Y3M2	P25685	Q12906	Q03518	Q9Y3Y2	Q12837	P52298	O75643	P09012	Q8IZL2	P61326	Q9P0U4	Q13526	Q96ME1	Q9H093	Q9BZJ0	Q9NYF8	O60885	O75533	Q09028	P84090	Q9H0G5	Q13427	P40763	Q86X55	Q05066	P50222	Q86WT6	P09661	Q14004	P38919	O43660	P11362	Q9H1I8	Q07955	Q8IYB3	Q86YP4	P06493	Q13435	Q9UPS6	O43781	Q9H244	Q92598	Q9UER7	Q9H2X6	P62877	Q86U42	Q8WXF1	P08579	P17676	Q9BZ67	Q969G3	Q86U06	O43670	O43447	Q00839	Q9C0B1	O75928	Q9H9J4	P63165	P26599	P25788	Q13247	Q9ULX6	Q15287	P84022	O75494	Q13618	P55199	Q9Y383	Q06587	P08621	Q8TF01	Q2KHN1	O75934	Q8N5F7	Q15020	Q15637	P26368	Q96SQ7	P51531	Q96MU7	Q3ZCQ8	Q99459	Q86V81	O75319	Q12905	P09651	P10636	Q9Y2N7	Q15365	Q96JC9	P61978	Q96JK9	O15047	Q9UKV8	Q8WXI9	Q13627	Q9NQ29	Q9HCG8	Q92585	Q9Y230	Q15007	Q13535	P23246	Q15233	O14980	Q9UJ72	O15234	O15527	Q16630	O43791	P49760	Q5JVS0	Q15459	Q8N9N2	Q96I25	Q9Y2W1	P48729	P43628	Q9NRA8	Q7L014	O60563	Q6PJT7	Q13838	Q9UQ35	P52824	O75152	P02545	Q9UJ70	P0DMV8	Q6P2Q9	O15042	Q9UKY1	Q08170	Q9H2U1	P61011	Q12874	Q9BWG6	Q01844	P22626	Q8NDT2	Q92766	Q9Y6X2	Q01130	Q8WYQ5	P51532	Q09161	O75554	P25490	Q5HYJ3	Q9UK58	P05388	P42768"
"PML body","B5B9A610","Biomolecular","Homo sapiens",9606,"Q15759	Q14164	P27694	P61956	A0A0G2JMS6	P01023	Q6NT76	P15408	Q8TD17	O43309	Q969Q0	Q9H2X6	Q09472	P23497	P63165	Q14149	Q9Y2K1	P29590	Q6PCD5	Q99607	P63279	Q96EB6	Q9HB58	Q13501	Q8IYW5	Q96EP1	Q00987	P15927	Q86UC2	Q9UKA9	Q16236	Q9NVV9	Q14191	O75150	A0A087X0T9	P29590-12	P18887	P04150	Q6UWX4	Q6NX45	O75943	Q96MF7	P00519	Q06609	G2XKQ0	P43004	P10276	Q6EEV6	Q6NXT1	Q96RU7	P60484	P33076	P16333	P55854	Q9UFD9	P16104	P04637	Q9UBP6	Q9Y3R0	Q674X7	Q9Y4E5	P10242	O15484	Q9BW11	O75928	Q9NS56	O14980	P07196	Q01826	P51532	Q96K62	Q8NBZ0	Q15583	P11021	O75925	P54132	Q1MSJ5	Q96RE7	Q92794	O15350	Q8IZ83	Q9NX09	P62136	Q53H80	P10415	Q6IE36	Q8IYT2	Q96SB8	O76064	Q8NC69	Q14974	Q86W67	Q92793	Q8N2W9	Q9UBW7	Q8IUH3	O60269	Q8IY18	P08047	Q6PEW1	P78317	P28074	Q9NRA8	P13056	Q9Y3M2	Q13535	O60934	Q8NG27	P46100	P54274	P23511	Q9ULX6	Q9Y3B7	Q6VMQ6	P54198	Q9UER7	Q9NQM4	Q9NQB0	P55072"
"mtRNA granule","5965E019","Biomolecular","Homo sapiens",9606,"Q9UI43	Q8TCS8	Q9NVV4	Q96TA2	Q99714	Q7L0Y3	Q96E29	Q96I99	Q6IN84	O95900	Q6P087	Q14296	Q8WVM0	Q8NE86	O75439	O15091	Q6PI48	Q7L2E3	Q8NC60	Q9NUL7	P23368	Q12849	Q8IYB8	O00411	O75127	P82933	Q9NYY8	P49406	Q7L8L6	Q96CM3	Q9Y2R9	Q53R41	Q9HC36	Q9HD33	Q92552	Q5JTZ9	Q8WV60	Q8N983	O75616	Q92665	Q00059	Q9H5Q4"
"Paraspeckle","1A18FFC4","Biomolecular","Homo sapiens",9606,"P01100	Q92804	P48436	O43390	Q8WXF1	Q9BUJ2	Q15233	Q96FZ7	O60479	Q5HY92	Q5TGY3	P51531	P17028	Q14153	Q9H165	P35637	Q96EP5	Q9NRF2	Q13148	O75177	O75494	Q9ULX6	Q6NSI3	Q96J87	P98170	Q08211	Q8N684	V9GYY5	P61129	Q9BQ04	Q9H4Z2	P31942	Q05519	P61978	Q2YD98	P13498	Q5T447	Q32P51	P38159	Q01844	Q9NTZ6	Q16630	P31943	P04637	Q96PK6	Q96KG9	P15976	Q8NCA5	P51532	Q8N0Y2	Q14157	Q9Y2L1	Q9H1Q7	P52597	Q03252	Q8N5P1	Q8TC92	Q9Y580	Q13761	Q86U42	P09651	Q14011	O43809	Q9BWF3	Q9H0B3	O43474	Q5U5Q3	P98179	P23246"
"Cajal body","6F24707C","Biomolecular","Homo sapiens",9606,"O95602	Q15020	P06493	P35637	Q92793	Q9Y4X5	Q9Y230	Q6NT76	Q8N5A5	Q14207	Q8IYM9	Q96RS0	Q96HW7	P22087	P35269	Q14331	O95402	P63162	O95453	O14746	Q9H633	Q5W0Q7	O14980	Q9UBY9	P61289	Q14978	Q8WWY3	P08579	P63267	Q06787	P08621	P63165	Q9H840	Q9NY26	O94906	P17480	Q9UKL3	Q6IQ16	O14893	Q9BUR4	P62314	P62308	P38432	Q9NPE3	Q13148	P49368	Q9GZU8	O60832	Q8TEQ6	Q9Y2X3	P09661	Q9NRM2	Q5JVS0	Q9H089	P62304	Q7L014	Q7Z6G8	Q8WXD5	Q86TB9	Q9Y265	Q14011	P62316	Q99986	Q9NWZ8	Q16637	Q9Y2F5	Q96CJ1	Q9H244	Q96GM8	Q9Y3F4	Q9BPY3	Q96JC9	O00567	Q9BXT4"
"PcG body","F701F3BC","Biomolecular","Homo sapiens",9606,"Q9BQ52	Q92833	Q6ZN18	O00257	R4GMX3	Q99496	Q14781	O43663	O75530	Q8IXK0	P49711	Q14190	Q06587	Q15910"
"Neuronal RNP granule","D8E9712B","Biomolecular","Homo sapiens",9606,"P50995	Q93062	P35637	Q15233	Q7Z739	Q06787	Q9Y5A9	Q92804	Q13148	Q00994	Q13283	Q17RY0	Q9BYJ9	Q01844	Q14444	Q9Y224"
"IMP1 RNP granule","F85A2E29","Biomolecular","Homo sapiens",9606,"Q9UPQ9	O43390	P0DMV9	P11940	Q9NZI8	P22626-2	P11308	Q07352	P35637	Q07666	Q13148	Q6IMN6	P0DMV8	P62241	Q08211	P67809	P10155	O43707	P11142	Q13310	P46781	Q14103	P05388	Q09161	P23396	Q99729	P60709	P14866	Q00839	Q12906	P61247	Q9UKV8	P62701	Q06787	P22626	O60506	Q86U42	P09651	P19338"
"DNA damage foci","A0DCDA94","Biomolecular","Homo sapiens",9606,"Q13487	Q5SXM2	P20226	P14859	Q14676	Q12888	Q16533	Q06609	Q13315	Q13535	P78527	P35637	Q92966	P16104	Q8IUH3	Q92878	O43313	Q13547"
"U-body","91E14AE1","Biomolecular","Homo sapiens",9606,"Q16637"
"Pericentriolar compartment","F659AEC6","Biomolecular","Homo sapiens",9606,"Q92945"
"Histone Locus Body","24B72B50","Biomolecular","Homo sapiens",9606,"Q9UKF6	Q6UN15	Q9P2I0	Q9BQA5	Q14207	P49711	Q10570	Q9UKL3"
"Chromatoid body","278829DE","Biomolecular","Homo sapiens",9606,"Q96J94	Q9UPY3	Q9UKV8	Q9NPI6	Q8NDV7"
"DDX1 body","5B6CCA73","Biomolecular","Homo sapiens",9606,"P33240	Q92499"
"Nuage","45FBF2D1","Biomolecular","Homo sapiens",9606,"Q9NQI0"
"Cleavage body","6F9FB6EF","Biomolecular","Homo sapiens",9606,"Q9P2I0	P33240	Q92499"
"Balbiani body","2B1872D5","Biomolecular","Homo sapiens",9606,"Q96EP5	Q6ZRY4"
"Nuclear pore complex","D6A53B8E","Biomolecular","Homo sapiens",9606,"Q9BW27	Q53GS7	P20592	Q92621	P52948	A8CG34	Q8WYP5	Q14764	Q9NR21	Q96HA1	P55735	O60318	Q9NPA8	Q9NRG9	Q9BXS6	Q8N1F7	P49792	P57740	P12270	P49790	Q12769	Q9UKX7	Q8WUM0	Q8TD16	Q9HC62"
"Tau inclusion","03D56D03","Biomolecular","Homo sapiens",9606,"Q8NBT0	P10636	Q8TC44"
"Signaling cluster","F345034F","Biomolecular","Homo sapiens",9606,"O00401	Q8WV28	Q8IUD2	O75791	Q08881	Q13094	O60500	Q96B97	Q6PIF6	Q14432	Q13136	O43561	P18031	Q86SQ0	Q495M9	Q9Y2X7	P62993	Q9Y6N9	P16333	Q07889	Q13402	P42768	O14639"
"Inflammasome","975B8A70","Biomolecular","Homo sapiens",9606,"Q9H6R0"
"MEX3B granule","CA00D4B7","Biomolecular","Homo sapiens",9606,"Q6ZN04"
"SMN–Rpp20 complex","B75B0A5E","Biomolecular","Homo sapiens",9606,"O75817"
"Transcriptional condensate","38EC0B30","Biomolecular","Homo sapiens",9606,"O60563	Q92804	P46937	P84022	Q00613	Q01860	P23771	Q9GZV5	P50750	P08047	B1PRL2	P35222	P31271	P24928	Q15059	Q15648	Q01844	Q13950	P20226	P35453	Q13627	P40763	Q9Y2X0	O60885	P03372	Q16236	Q09472	Q16198	Q15561"
"Nuclear body","9F779CC8","Biomolecular","Homo sapiens",9606,"P05067	P04156	Q16082"
"Leucocyte nuclear body","462A97B5","Biomolecular","Homo sapiens",9606,"Q92804	O43791	Q16082	Q5JVS0	Q7Z3E1	Q13342	P23771	Q07666	P08621	Q12888	Q9UER7	P02545	Q14103	Q15648	Q01844	O60885	Q12988	P43243	P09651	P06401	P03372"
"Sam68 nuclear body","62EA6512","Biomolecular","Homo sapiens",9606,"Q8N163	Q04726	P14866	Q14151	P09651	O75525	Q14103	Q07666	P61978	Q9BXY0	Q96MU7	P38159	Q15424	Q5VWX1	Q8NEJ9"
"MORC3 nuclear body","353F5E6C","Biomolecular","Homo sapiens",9606,"Q14149"
"P62 body","718A9EC3","Biomolecular","Homo sapiens",9606,"Q13501"
"Elastin granule","BB244C6C","Biomolecular","Homo sapiens",9606,"P15502"
"T-cell signalosome","36896B46","Biomolecular","Homo sapiens",9606,"P62993	Q07889	O43561"
"GW-body","9DBB3093","Biomolecular","Homo sapiens",9606,"Q8NDV7	Q9UPQ9	Q9UKV8"
"miRISC condensate","C5843A5F","Biomolecular","Homo sapiens",9606,"Q9UKV8	Q9UPQ9"
"Tau inclusion","002A7221","Biomolecular","Homo sapiens",9606,"P10636-8"
"ZNFX1 condensate","86762C76","Biomolecular","Homo sapiens",9606,"Q9P2E3	Q6ZRV2"
"Euchromatin","F5FE5C72","Biomolecular","Homo sapiens",9606,"Q14781"
"TIS granule","ACCC2039","Biomolecular","Homo sapiens",9606,"Q07352"
"Galectin complex","F47B63CC","Biomolecular","Homo sapiens",9606,"P17931"
"Heterochromatin","B57B8AD8","Biomolecular","Homo sapiens",9606,"P45973	Q14781"
"Granular component","80B4651A","Biomolecular","Homo sapiens",9606,"P06748"