induction,oxygen,gene_name,aa_pos,XIC
4h,21pc,BRD4,535,4.029317926
4h,4pc,BRD4,535,0.644530348
4h,1pc,BRD4,535,1.28833779
8h,21pc,BRD4,535,11.02975119
8h,4pc,BRD4,535,6.03833699
8h,1pc,BRD4,535,3.454762382
18h,21pc,BRD4,535,22.29166898
18h,4pc,BRD4,535,12.83616879
18h,1pc,BRD4,535,7.235618994
4h,21pc,BRD4,537,21.53083881
4h,4pc,BRD4,537,11.63587
4h,1pc,BRD4,537,11.00537908
8h,21pc,BRD4,537,49.55672994
8h,4pc,BRD4,537,33.0204444
8h,1pc,BRD4,537,21.11294017
18h,21pc,BRD4,537,61.1772834
18h,4pc,BRD4,537,47.08645652
18h,1pc,BRD4,537,41.37483
4h,21pc,BRD2,546,4.479286083
4h,4pc,BRD2,546,0.505867801
4h,1pc,BRD2,546,0.268052637
8h,21pc,BRD2,546,12.42067214
8h,4pc,BRD2,546,6.397479741
8h,1pc,BRD2,546,4.673333484
18h,21pc,BRD2,546,17.7383718
18h,4pc,BRD2,546,10.07993999
18h,1pc,BRD2,546,3.152633891
4h,21pc,BRD3,489,2.111254013
4h,4pc,BRD3,489,1.143145604
4h,1pc,BRD3,489,1.00001547
8h,21pc,BRD3,489,7.044985159
8h,4pc,BRD3,489,3.740072296
8h,1pc,BRD3,489,2.063199149
18h,21pc,BRD3,489,8.299307325
18h,4pc,BRD3,489,4.346877965
18h,1pc,BRD3,489,5.67003918